{
  "model": "SmolLM2-1.7B-Instruct",
  "step16_n": 100,
  "step16_pos": 56,
  "fresh_n": 193,
  "fresh_pos": 9,
  "results": {
    "C=1.0": {
      "auc": 0.518719806763285,
      "best_asym": -0.16062801932367143,
      "best_thr": 0.06
    },
    "C=0.1": {
      "auc": 0.5048309178743962,
      "best_asym": -0.1878019323671497,
      "best_thr": 0.15999999999999998
    }
  }
}