{
  "n_fresh_prompts": 193,
  "n_fresh_responses": 193,
  "n_gold_checklists": 193,
  "evaluation": {
    "configs": {
      "C=1.0": {
        "auc": 0.5088274044795784,
        "min": {
          "thr": 0.7799999999999999,
          "p_assert_wrong": 0.4927536231884058,
          "p_assert_correct": 0.5636363636363636,
          "asym": -0.07088274044795778
        },
        "thr_0.5": {
          "thr": 0.5,
          "p_assert_wrong": 0.6231884057971014,
          "p_assert_correct": 0.6181818181818182,
          "asym": 0.0050065876152832756
        },
        "balanced_pc_0.70": {
          "thr": 0.13,
          "p_assert_wrong": 0.8260869565217391,
          "p_assert_correct": 0.8181818181818182,
          "asym": 0.007905138339920903
        }
      },
      "C=0.1": {
        "auc": 0.5163372859025033,
        "min": {
          "thr": 0.7599999999999999,
          "p_assert_wrong": 0.427536231884058,
          "p_assert_correct": 0.509090909090909,
          "asym": -0.08155467720685106
        },
        "thr_0.5": {
          "thr": 0.5,
          "p_assert_wrong": 0.6521739130434783,
          "p_assert_correct": 0.6363636363636364,
          "asym": 0.015810276679841917
        },
        "balanced_pc_0.70": {
          "thr": 0.09999999999999999,
          "p_assert_wrong": 0.9202898550724637,
          "p_assert_correct": 0.9636363636363636,
          "asym": -0.04334650856389988
        }
      }
    },
    "best_balanced": {
      "config": "C=0.1",
      "thr": 0.09999999999999999,
      "p_assert_wrong": 0.9202898550724637,
      "p_assert_correct": 0.9636363636363636,
      "asym": -0.04334650856389988
    },
    "gate_pass": false,
    "n_fresh": 193,
    "n_fresh_pos": 55,
    "n_fresh_neg": 138
  },
  "total_elapsed": 2272.0802824497223
}